movie_title,movie_budget,movie_domestic_gross,movie_world_gross,movie_genre,movie_tomato_audience,movie_tomato_tomatometer,movie_imdb_rating,movie_imdb_metascore,movie_average_score,movie_poster,movie_director,movie_star1,movie_star2,movie_star3,movie_release_date,movie_release_year
FIFTY SHADES FREED,"$55,000,000.00 ","$100,407,760.00 ","$371,985,018.00 ",romance,37,11,4.5,31,31,"https://m.media-amazon.com/images/M/MV5BMTYxOTQ1MzI0Nl5BMl5BanBnXkFtZTgwMzgwMzIxNDM@._V1_UX67_CR0,0,67,98_AL_.jpg",James Foley,Dakota Johnson,Jamie Dornan,Eric Johnson,9-Feb,2018
FIFTY SHADES DARKER,"$55,000,000.00 ","$114,434,010.00 ","$381,367,046.00 ",romance,48,11,4.6,33,34.5,https://m.media-amazon.com/images/S/sash/4FyxwxECzL-U1J8.png,James Foley,Dakota Johnson,Jamie Dornan,Eric Johnson,10-Feb,2017
PINOCCHIO,"$13,200,000.00 ","$1,831,718.00 ","$30,360,375.00 ",comedy,28,29,5,38,36.25,https://m.media-amazon.com/images/S/sash/4FyxwxECzL-U1J8.png,Robert Zemeckis,(voice),Tom Hanks,(voice),8-Sep,2022
THE BLUE LAGOON,"$4,500,000 ","$47,923,795 ","$47,923,795 ",romance,53,8,5.8,31,37.5,"https://m.media-amazon.com/images/M/MV5BOWU2ZDIxY2UtNzM5NS00MWUwLTkxN2QtMmI3NDZkNTA2OTYxXkEyXkFqcGdeQXVyMTA0MjU0Ng@@._V1_UX67_CR0,0,67,98_AL_.jpg",Randal Kleiser,Brooke Shields,Christopher Atkins,Leo McKern,2-Jul,1980
FIFTY SHADES OF GREY,"$40,000,000.00 ","$166,167,230.00 ","$570,794,950.00 ",romance,41,24,4.2,46,38.25,https://m.media-amazon.com/images/S/sash/4FyxwxECzL-U1J8.png,Sam Taylor-Johnson,Dakota Johnson,Jamie Dornan,Jennifer Ehle,13-Feb,2015
BLACKHAT,"$70,000,000.00 ","$8,005,980.00 ","$19,665,004.00 ",crime,24,33,5.4,51,40.5,"https://m.media-amazon.com/images/M/MV5BMTg1NDUyMzk5NV5BMl5BanBnXkFtZTgwOTk1NzUxMzE@._V1_UX67_CR0,0,67,98_AL_.jpg",Michael Mann,Chris Hemsworth,Viola Davis,Tang Wei,16-Jan,2015
THE BEST OF ME,"$26,000,000 ","$26,766,213 ","$41,059,418 ",romance,59,12,6.6,29,41.5,https://m.media-amazon.com/images/S/sash/4FyxwxECzL-U1J8.png,Michael Hoffman,James Marsden,Michelle Monaghan,Luke Bracey,17-Oct,2014
LEAP YEAR,"$19,000,000 ","$25,918,920 ","$32,618,920 ",romance,47,23,6.4,33,41.75,https://m.media-amazon.com/images/S/sash/4FyxwxECzL-U1J8.png,Anand Tucker,Amy Adams,Matthew Goode,Adam Scott,8-Jan,2010
AFTER,"$14,000,000.00 ","$12,138,565.00 ","$57,926,850.00 ",romance,66,18,5.3,30,41.75,https://m.media-amazon.com/images/S/sash/4FyxwxECzL-U1J8.png,Jenny Gage,Josephine Langford,Hero Fiennes Tiffin,Khadijha Red Thunder,12-Apr,2019
JUST GO WITH IT,"$80,000,000 ","$103,028,109 ","$214,974,953 ",romance,59,19,6.4,33,43.75,"https://m.media-amazon.com/images/M/MV5BMTM3MzM3NDE5MV5BMl5BanBnXkFtZTcwNDE5MTUxNA@@._V1_UX67_CR0,0,67,98_AL_.jpg",Dennis Dugan,Adam Sandler,Jennifer Aniston,Brooklyn Decker,11-Feb,2011
BLENDED,"$45,000,000.00 ","$46,290,741.00 ","$127,990,741.00 ",romance,64,15,6.5,31,43.75,https://m.media-amazon.com/images/S/sash/4FyxwxECzL-U1J8.png,Frank Coraci,Adam Sandler,Drew Barrymore,Wendi McLendon-Covey,23-May,2014
EAT PRAY LOVE,"$60,000,000.00 ","$80,574,010.00 ","$206,598,789.00 ",romance,42,36,5.8,50,46.5,https://m.media-amazon.com/images/S/sash/4FyxwxECzL-U1J8.png,Ryan Murphy,Julia Roberts,Javier Bardem,Richard Jenkins,13-Aug,2010
HALLOWEEN ENDS,"$20,000,000 ","$64,079,860 ","$105,016,358 ",horror,57,40,5,47,48.5,https://m.media-amazon.com/images/S/sash/4FyxwxECzL-U1J8.png,David Gordon Green,Jamie Lee Curtis,Andi Matichak,James Jude Courtney,14-Oct,2022
WHITE NOISE,"$10,000,000 ","$56,094,360 ","$92,094,360 ",comedy,31,42,5.7,66,49,https://m.media-amazon.com/images/S/sash/4FyxwxECzL-U1J8.png,Noah Baumbach,Adam Driver,Greta Gerwig,Don Cheadle,30-Dec,2022
BATMAN V SUPERMAN: DAWN OF JUSTICE,"$263,000,000.00 ","$330,360,194.00 ","$872,395,091.00 ",scifi,63,29,6.4,44,50,https://m.media-amazon.com/images/S/sash/4FyxwxECzL-U1J8.png,Zack Snyder,Ben Affleck,Henry Cavill,Amy Adams,25-Mar,2016
AMSTERDAM,"$80,000,000 ","$14,947,969 ","$29,400,826 ",comedy,62,32,6.1,48,50.75,https://m.media-amazon.com/images/S/sash/4FyxwxECzL-U1J8.png,David O. Russell,Christian Bale,Margot Robbie,John David Washington,7-Oct,2022
PASSENGERS,"$110,000,000.00 ","$100,014,699.00 ","$302,239,672.00 ",scifi,63,30,7,41,51,https://m.media-amazon.com/images/S/sash/4FyxwxECzL-U1J8.png,Morten Tyldum,Jennifer Lawrence,Chris Pratt,Michael Sheen,21-Dec,2016
47 METERS DOWN: UNCAGED,"$12,000,000 ","$22,260,900 ","$47,582,563 ",horror,68,45,5,43,51.5,https://m.media-amazon.com/images/S/sash/4FyxwxECzL-U1J8.png,Johannes Roberts,Sophie Nélisse,Corinne Foxx,Brianne Tju,16-Aug,2019
ROAD HOUSE,"$10,000,000 ","$30,050,028 ","$30,050,028 ",action,66,41,6.6,36,52.25,https://m.media-amazon.com/images/S/sash/4FyxwxECzL-U1J8.png,Rowdy Herrington,Patrick Swayze,Kelly Lynch,Sam Elliott,19-May,1989
LAW ABIDING CITIZEN,"$53,000,000.00 ","$73,357,727.00 ","$131,159,781.00 ",crime,75,26,3.4,74,52.25,https://m.media-amazon.com/images/S/sash/4FyxwxECzL-U1J8.png,F. Gary Gray,Gerard Butler,Jamie Foxx,Leslie Bibb,16-Oct,2009
DEN OF THIEVES,"$30,000,000.00 ","$44,947,622.00 ","$80,147,166.00 ",crime,62,41,4.9,70,55.5,https://m.media-amazon.com/images/S/sash/4FyxwxECzL-U1J8.png,Christian Gudegast,Gerard Butler,Pablo Schreiber,O'Shea Jackson Jr.,19-Jan,2018
THE LITTLE THINGS,"$30,000,000.00 ","$15,342,746.00 ","$29,735,222.00 ",crime,67,44,6.3,54,57,https://m.media-amazon.com/images/S/sash/4FyxwxECzL-U1J8.png,John Lee Hancock,Denzel Washington,Rami Malek,Jared Leto,29-Jan,2021
THE PROPOSAL,"$40,000,000.00 ","$163,958,031.00 ","$314,709,717.00 ",romance,68,45,6.7,48,57,https://m.media-amazon.com/images/S/sash/4FyxwxECzL-U1J8.png,Anne Fletcher,Sandra Bullock,Ryan Reynolds,Mary Steenburgen,19-Jun,2009
THE PHANTOM OF THE OPERA,"$55,000,000.00 ","$51,225,796.00 ","$153,770,052.00 ",romance,84,33,7.2,40,57.25,https://m.media-amazon.com/images/S/sash/4FyxwxECzL-U1J8.png,Joel Schumacher,Gerard Butler,Emmy Rossum,Patrick Wilson,21-Jan,2005
TWILIGHT,"$20,000,000 ","$15,055,091 ","$15,055,091 ",romance,72,49,5.3,56,57.5,https://m.media-amazon.com/images/S/sash/4FyxwxECzL-U1J8.png,Catherine Hardwicke,Kristen Stewart,Robert Pattinson,Billy Burke,21-Nov,2008
BLACK ADAM,"$200,000,000.00 ","$168,152,111.00 ","$391,261,706.00 ",action,88,39,6.3,41,57.75,https://m.media-amazon.com/images/S/sash/4FyxwxECzL-U1J8.png,Jaume Collet-Serra,Dwayne Johnson,Aldis Hodge,Pierce Brosnan,21-Oct,2022
WHITE BOY RICK,"$30,000,000.00 ","$24,004,833.00 ","$25,947,983.00 ",crime,51,57,5.9,65,58,https://m.media-amazon.com/images/S/sash/4FyxwxECzL-U1J8.png,Yann Demange,Matthew McConaughey,Richie Merritt,Bel Powley,14-Sep,2018
MURDER ON THE ORIENT EXPRESS,"$55,000,000.00 ","$102,826,543.00 ","$351,767,147.00 ",crime,54,61,6.5,52,58,https://m.media-amazon.com/images/S/sash/4FyxwxECzL-U1J8.png,Kenneth Branagh,Kenneth Branagh,Penélope Cruz,Willem Dafoe,10-Nov,2017
MAGIC MIKE XXL,"$14,500,000 ","$66,013,057 ","$123,580,421 ",comedy,55,65,5.6,60,59,https://m.media-amazon.com/images/S/sash/4FyxwxECzL-U1J8.png,Gregory Jacobs,Channing Tatum,Joe Manganiello,Matt Bomer,1-Jul,2015
COME PLAY,"$9,000,000 ","$10,475,990 ","$12,624,174 ",horror,67,56,5.7,58,59.5,https://m.media-amazon.com/images/S/sash/4FyxwxECzL-U1J8.png,Jacob Chase,Azhy Robertson,Gillian Jacobs,John Gallagher Jr.,30-Oct,2020
HELLRAISER,"$1,000,000 ","$14,564,000 ","$14,575,148 ",horror,58,66,6,55,59.75,https://m.media-amazon.com/images/S/sash/4FyxwxECzL-U1J8.png,David Bruckner,Odessa Azion,Jamie Clayton,Adam Faison,7-Oct,2022
OBLIVION,"$120,000,000.00 ","$89,107,235.00 ","$287,916,633.00 ",scifi,61,54,7,54,59.75,https://m.media-amazon.com/images/S/sash/4FyxwxECzL-U1J8.png,Joseph Kosinski,Tom Cruise,Morgan Freeman,Andrea Riseborough,19-Apr,2013
ETERNALS,"$200,000,000.00 ","$164,870,264.00 ","$401,731,759.00 ",action,77,47,6.3,52,59.75,https://m.media-amazon.com/images/S/sash/4FyxwxECzL-U1J8.png,Chloé Zhao,Gemma Chan,Richard Madden,Angelina Jolie,5-Nov,2021
UNCHARTED,"$120,000,000.00 ","$148,648,820.00 ","$400,689,914.00 ",action,90,41,6.3,45,59.75,https://m.media-amazon.com/images/S/sash/4FyxwxECzL-U1J8.png,Ruben Fleischer,Tom Holland,Mark Wahlberg,Antonio Banderas,18-Feb,2022
BABYLON,"$110,000,000.00 ","$15,351,455.00 ","$63,319,016.00 ",comedy,52,56,7.3,60,60.25,"https://m.media-amazon.com/images/M/MV5BNjlkYjc4NGMtZjc3MS00NjQ3LTk4MmUtMTkwZGZjODE1ZDVlXkEyXkFqcGdeQXVyODk4OTc3MTY@._V1_UX67_CR0,0,67,98_AL_.jpg",Damien Chazelle,Brad Pitt,Margot Robbie,Jean Smart,23-Dec,2022
LIFE,"$75,000,000.00 ","$64,062,587.00 ","$73,521,587.00 ",horror,54,67,6.6,54,60.25,https://m.media-amazon.com/images/S/sash/4FyxwxECzL-U1J8.png,Daniel Espinosa,Jake Gyllenhaal,Rebecca Ferguson,Ryan Reynolds,24-Mar,2017
MEET JOE BLACK,"$85,000,000 ","$44,650,003 ","$44,650,003 ",romance,81,45,7.2,43,60.25,https://m.media-amazon.com/images/S/sash/4FyxwxECzL-U1J8.png,Martin Brest,Brad Pitt,Anthony Hopkins,Claire Forlani,13-Nov,1998
THE AGE OF ADALINE,"$30,000,000.00 ","$42,629,776.00 ","$68,984,536.00 ",romance,67,55,7.2,51,61.25,https://m.media-amazon.com/images/S/sash/4FyxwxECzL-U1J8.png,Lee Toland Krieger,Blake Lively,Michiel Huisman,Harrison Ford,24-Apr,2015
WONDER WOMAN 1984,"$200,000,000.00 ","$46,801,036.00 ","$166,360,232.00 ",action,73,58,5.4,60,61.25,https://m.media-amazon.com/images/S/sash/4FyxwxECzL-U1J8.png,Patty Jenkins,Gal Gadot,Chris Pine,Kristen Wiig,25-Dec,2020
MEMOIRS OF A GEISHA,"$85,000,000.00 ","$57,010,853.00 ","$161,510,853.00 ",romance,83,35,7.3,54,61.25,https://m.media-amazon.com/images/S/sash/4FyxwxECzL-U1J8.png,Rob Marshall,Ziyi Zhang,Ken Watanabe,Michelle Yeoh,23-Dec,2005
THE MATRIX RESURRECTIONS,"$190,000,000.00 ","$40,463,197.00 ","$159,197,755.00 ",scifi,63,63,5.7,63,61.5,https://m.media-amazon.com/images/S/sash/4FyxwxECzL-U1J8.png,Lana Wachowski,Keanu Reeves,Carrie-Anne Moss,Yahya Abdul-Mateen II,22-Dec,2021
ALIEN: COVENANT,"$97,000,000.00 ","$74,262,031.00 ","$238,521,247.00 ",horror,55,65,6.4,65,62.25,https://m.media-amazon.com/images/S/sash/4FyxwxECzL-U1J8.png,Ridley Scott,Michael Fassbender,Katherine Waterston,Billy Crudup,19-May,2017
THE GRAY MAN,"$804,099,618.00 ","$263,340,000.00 ","$540,759,618.00 ",action,90,46,6.5,49,62.5,https://m.media-amazon.com/images/S/sash/4FyxwxECzL-U1J8.png,Joe Russo,Ryan Gosling,Chris Evans,Ana de Armas,22-Jul,2022
2 GUNS,"$61,000,000.00 ","$75,612,460.00 ","$132,493,015.00 ",action,66,64,6.7,55,63,https://m.media-amazon.com/images/S/sash/4FyxwxECzL-U1J8.png,Baltasar Kormákur,Denzel Washington,Mark Wahlberg,Paula Patton,2-Aug,2013
ME BEFORE YOU,"$20,000,000 ","$56,245,075 ","$208,064,908 ",romance,73,54,7.4,51,63,"https://m.media-amazon.com/images/M/MV5BMTQ2NjE4NDE2NV5BMl5BanBnXkFtZTgwOTcwNDE5NzE@._V1_UX67_CR0,0,67,98_AL_.jpg",Thea Sharrock,Emilia Clarke,Sam Claflin,Janet McTeer,3-Jun,2016
BULLET TRAIN,"$85,900,000.00 ","$103,368,602.00 ","$238,875,556.00 ",comedy,76,54,7.3,49,63,https://m.media-amazon.com/images/S/sash/4FyxwxECzL-U1J8.png,David Leitch,Brad Pitt,Joey King,Aaron Taylor-Johnson,5-Aug,2022
THE MANY SAINTS OF NEWARK,"$50,000,000.00 ","$8,237,403.00 ","$12,732,039.00 ",crime,59,72,6,63,63.5,https://m.media-amazon.com/images/S/sash/4FyxwxECzL-U1J8.png,Alan Taylor,Alessandro Nivola,Leslie Odom Jr.,Jon Bernthal,1-Oct,2021
WAR OF THE WORLDS,"$132,000,000.00 ","$234,280,354.00 ","$606,836,535.00 ",action,42,75,6.5,73,63.75,https://m.media-amazon.com/images/S/sash/4FyxwxECzL-U1J8.png,Steven Spielberg,Tom Cruise,Dakota Fanning,Tim Robbins,29-Jun,2005
ALLIED,"$106,000,000.00 ","$40,098,064.00 ","$119,266,661.00 ",romance,64,60,7.1,60,63.75,https://m.media-amazon.com/images/S/sash/4FyxwxECzL-U1J8.png,Robert Zemeckis,Brad Pitt,Marion Cotillard,Jared Harris,23-Nov,2016
PRETTY WOMAN,"$14,000,000 ","$178,406,268 ","$432,566,361 ",romance,68,65,7.1,51,63.75,https://m.media-amazon.com/images/S/sash/4FyxwxECzL-U1J8.png,Garry Marshall,Richard Gere,Julia Roberts,Jason Alexander,23-Mar,1990
TICKET TO PARADISE,"$60,000,000.00 ","$68,275,985.00 ","$172,072,232.00 ",romance,87,56,6.2,50,63.75,https://m.media-amazon.com/images/S/sash/4FyxwxECzL-U1J8.png,Ol Parker,George Clooney,Sean Lynch,Julia Roberts,21-Oct,2022
CAPTAIN MARVEL,"$175,000,000.00 ","$426,829,839.00 ","$1,129,576,094.00 ",scifi,45,79,6.8,64,64,https://m.media-amazon.com/images/S/sash/4FyxwxECzL-U1J8.png,Ryan Fleck,Brie Larson,Samuel L. Jackson,Ben Mendelsohn,8-Mar,2019
MAN OF STEEL,"$225,000,000.00 ","$291,045,518.00 ","$667,999,518.00 ",scifi,75,56,7.1,55,64.25,https://m.media-amazon.com/images/S/sash/4FyxwxECzL-U1J8.png,Zack Snyder,Henry Cavill,Amy Adams,Michael Shannon,14-Jun,2013
FIVE FEET APART,"$7,000,000 ","$45,729,221 ","$92,554,209 ",romance,79,53,7.2,53,64.25,https://m.media-amazon.com/images/S/sash/4FyxwxECzL-U1J8.png,Justin Baldoni,Haley Lu Richardson,Cole Sprouse,Moises Arias,15-Mar,2019
STRANGE WORLD,"$135,000,000.00 ","$37,968,963.00 ","$69,532,497.00 ",comedy,66,72,5.6,65,64.75,https://m.media-amazon.com/images/S/sash/4FyxwxECzL-U1J8.png,Qui Nguyen,Jake Gyllenhaal,Jaboukie Young-White,Gabrielle Union,23-Nov,2022
SCREAM 4,"$40,000,000.00 ","$38,180,928.00 ","$95,989,590.00 ",comedy,56,90,6.2,52,65,https://m.media-amazon.com/images/S/sash/4FyxwxECzL-U1J8.png,Wes Craven,Neve Campbell,Courteney Cox,David Arquette,15-Apr,2011
THOR: LOVE AND THUNDER,"$250,000,000.00 ","$343,256,830.00 ","$760,928,081.00 ",action,77,63,6.3,57,65,https://m.media-amazon.com/images/S/sash/4FyxwxECzL-U1J8.png,Taika Waititi,Chris Hemsworth,Natalie Portman,Christian Bale,8-Jul,2022
THE INCREDIBLE HULK,"$137,500,000.00 ","$134,806,913.00 ","$265,573,859.00 ",scifi,69,67,6.6,61,65.75,https://m.media-amazon.com/images/S/sash/4FyxwxECzL-U1J8.png,Louis Leterrier,Edward Norton,Liv Tyler,Tim Roth,13-Jun,2008
THE MULE,"$50,000,000.00 ","$103,804,407.00 ","$173,453,994.00 ",crime,66,70,5.8,70,66,"https://m.media-amazon.com/images/M/MV5BMTc1OTc5NzA4OF5BMl5BanBnXkFtZTgwOTAzMzE2NjM@._V1_UX67_CR0,0,67,98_AL_.jpg",Clint Eastwood,Clint Eastwood,Patrick L. Reyes,Cesar De León,14-Dec,2018
AD ASTRA,"$80,000,000 ","$50,188,370 ","$135,406,280 ",scifi,40,83,6.5,80,67,https://m.media-amazon.com/images/S/sash/4FyxwxECzL-U1J8.png,James Gray,Brad Pitt,Tommy Lee Jones,Ruth Negga,20-Sep,2019
SHAZAM!,"$85,000,000.00 ","$140,371,656.00 ","$363,563,907.00 ",comedy,82,45,7,71,67,https://m.media-amazon.com/images/S/sash/4FyxwxECzL-U1J8.png,David F. Sandberg,Zachary Levi,Mark Strong,Asher Angel,5-Apr,2019
DON JON,"$5,500,000 ","$24,477,704 ","$41,268,579 ",romance,58,80,6.5,66,67.25,https://m.media-amazon.com/images/S/sash/4FyxwxECzL-U1J8.png,Joseph Gordon-Levitt,Joseph Gordon-Levitt,Scarlett Johansson,Julianne Moore,27-Sep,2013
THE NOTEBOOK,"$30,000,000.00 ","$81,001,787.00 ","$115,937,163.00 ",romance,85,53,7.8,53,67.25,https://m.media-amazon.com/images/S/sash/4FyxwxECzL-U1J8.png,Nick Cassavetes,Gena Rowlands,James Garner,Rachel McAdams,25-Jun,2004
MAGIC MIKE,"$7,000,000 ","$113,721,571 ","$170,549,753 ",comedy,60,78,6.1,72,67.75,https://m.media-amazon.com/images/S/sash/4FyxwxECzL-U1J8.png,Steven Soderbergh,Channing Tatum,Alex Pettyfer,Olivia Munn,29-Jun,2012
WORLD WAR Z,"$190,000,000.00 ","$202,706,711.00 ","$531,861,650.00 ",action,72,66,7,63,67.75,https://m.media-amazon.com/images/S/sash/4FyxwxECzL-U1J8.png,Marc Forster,Brad Pitt,Mireille Enos,Daniella Kertesz,21-Jun,2013
IT COMES AT NIGHT,"$5,000,000 ","$13,985,117 ","$19,720,203 ",horror,44,88,6.2,78,68,https://m.media-amazon.com/images/S/sash/4FyxwxECzL-U1J8.png,Trey Edward Shults,Joel Edgerton,Christopher Abbott,Carmen Ejogo,9-Jun,2017
SWISS ARMY MAN,"$3,000,000 ","$4,210,454 ","$5,837,111 ",comedy,72,67,6.9,64,68,https://m.media-amazon.com/images/S/sash/4FyxwxECzL-U1J8.png,Daniel Scheinert,Paul Dano,Daniel Radcliffe,Mary Elizabeth Winstead,1-Jul,2016
GHOSTBUSTERS: AFTERLIFE,"$75,000,000.00 ","$129,360,575.00 ","$203,614,138.00 ",comedy,94,63,7.1,45,68.25,https://m.media-amazon.com/images/S/sash/4FyxwxECzL-U1J8.png,Jason Reitman,Carrie Coon,Paul Rudd,Finn Wolfhard,19-Nov,2021
RED DRAGON,"$78,000,000.00 ","$92,955,420.00 ","$206,455,420.00 ",crime,74,69,6,72,68.75,https://m.media-amazon.com/images/S/sash/4FyxwxECzL-U1J8.png,Brett Ratner,Anthony Hopkins,Edward Norton,Ralph Fiennes,4-Oct,2002
THE READER,"$32,500,000 ","$34,194,407 ","$112,964,875 ",romance,79,63,7.6,58,69,https://m.media-amazon.com/images/S/sash/4FyxwxECzL-U1J8.png,Stephen Daldry,Kate Winslet,Ralph Fiennes,Bruno Ganz,30-Jan,2009
BAD TIMES AT THE EL ROYALE,"$32,000,000 ","$17,839,115 ","$31,178,942 ",crime,74,74,7.1,60,69.75,https://m.media-amazon.com/images/S/sash/4FyxwxECzL-U1J8.png,Drew Goddard,Jeff Bridges,Cynthia Erivo,Dakota Johnson,12-Oct,2018
LIGHTYEAR,"$200,000,000.00 ","$118,307,188.00 ","$218,768,299.00 ",action,84,74,6.1,60,69.75,https://m.media-amazon.com/images/S/sash/4FyxwxECzL-U1J8.png,Angus MacLane,(voice),(voice),(voice),17-Jun,2022
MINIONS: THE RISE OF GRU,"$80,000,000 ","$369,695,210 ","$940,270,567 ",comedy,89,70,6.5,56,70,"https://m.media-amazon.com/images/M/MV5BZDQyODUwM2MtNzA0YS00ZjdmLTgzMjItZWRjN2YyYWE5ZTNjXkEyXkFqcGdeQXVyMTI2MzY1MjM1._V1_UX67_CR0,0,67,98_AL_.jpg",Jonathan del Val,Steve Carell,Pierre Coffin,Alan Arkin,1-Jul,2022
SLEEPERS,"$44,000,000.00 ","$53,300,852.00 ","$165,600,852.00 ",crime,85,73,7.5,49,70.5,https://m.media-amazon.com/images/S/sash/4FyxwxECzL-U1J8.png,Barry Levinson,Robert De Niro,Kevin Bacon,Brad Pitt,18-Oct,1996
10 THINGS I HATE ABOUT YOU,"$13,000,000.00 ","$38,177,966.00 ","$60,413,950.00 ",romance,69,71,7.3,70,70.75,https://m.media-amazon.com/images/S/sash/4FyxwxECzL-U1J8.png,Gil Junger,Heath Ledger,Julia Stiles,Joseph Gordon-Levitt,31-Mar,1999
THE LOST CITY,"$74,000,000.00 ","$105,344,029.00 ","$182,921,990.00 ",romance,83,79,6.1,60,70.75,https://m.media-amazon.com/images/S/sash/4FyxwxECzL-U1J8.png,Adam Nee,Sandra Bullock,Channing Tatum,Daniel Radcliffe,25-Mar,2022
ABOUT TIME,"$12,000,000 ","$15,323,921 ","$85,979,738 ",romance,81,70,7.8,55,71,https://m.media-amazon.com/images/S/sash/4FyxwxECzL-U1J8.png,Richard Curtis,Domhnall Gleeson,Rachel McAdams,Bill Nighy,8-Nov,2013
PUSS IN BOOTS,"$130,000,000.00 ","$149,260,504.00 ","$554,987,477.00 ",comedy,68,86,6.6,65,71.25,https://m.media-amazon.com/images/S/sash/4FyxwxECzL-U1J8.png,Chris Miller,Antonio Banderas,Salma Hayek,Zach Galifianakis,28-Oct,2011
WRATH OF MAN,"$40,000,000.00 ","$27,466,489.00 ","$103,913,405.00 ",crime,90,67,7.1,57,71.25,https://m.media-amazon.com/images/S/sash/4FyxwxECzL-U1J8.png,Guy Ritchie,Jason Statham,Holt McCallany,Josh Hartnett,7-May,2021
TENET,"$205,000,000.00 ","$58,504,105.00 ","$360,240,189.00 ",scifi,76,69,7.3,69,71.75,"https://m.media-amazon.com/images/M/MV5BMzU3YWYwNTQtZTdiMC00NjY5LTlmMTMtZDFlYTEyODBjMTk5XkEyXkFqcGdeQXVyMTkxNjUyNQ@@._V1_UX67_CR0,0,67,98_AL_.jpg",Christopher Nolan,John David Washington,Robert Pattinson,Elizabeth Debicki,3-Sep,2020
READY PLAYER ONE,"$150,000,000.00 ","$137,690,172.00 ","$579,055,653.00 ",action,77,72,7.4,64,71.75,"https://m.media-amazon.com/images/M/MV5BY2JiYTNmZTctYTQ1OC00YjU4LWEwMjYtZjkwY2Y5MDI0OTU3XkEyXkFqcGdeQXVyNTI4MzE4MDU@._V1_UX67_CR0,0,67,98_AL_.jpg",Steven Spielberg,Tye Sheridan,Olivia Cooke,Ben Mendelsohn,29-Mar,2018
THE SECRET LIFE OF WALTER MITTY,"$91,000,000.00 ","$58,236,838.00 ","$187,861,183.00 ",comedy,71,90,7.3,54,72,https://m.media-amazon.com/images/S/sash/4FyxwxECzL-U1J8.png,Ben Stiller,Ben Stiller,Kristen Wiig,Jon Daly,25-Dec,2013
THE GENTLEMEN,"$22,000,000 ","$36,471,796 ","$113,152,222 ",crime,84,75,7.8,51,72,https://m.media-amazon.com/images/S/sash/4FyxwxECzL-U1J8.png,Guy Ritchie,Matthew McConaughey,Charlie Hunnam,Michelle Dockery,24-Jan,2020
DOCTOR STRANGE IN THE MULTIVERSE OF MADNESS,"$200,000,000.00 ","$411,331,607.00 ","$952,224,986.00 ",horror,85,74,6.9,60,72,https://m.media-amazon.com/images/S/sash/4FyxwxECzL-U1J8.png,Sam Raimi,Benedict Cumberbatch,Elizabeth Olsen,Chiwetel Ejiofor,6-May,2022
GODZILLA VS. KONG,"$155,000,000.00 ","$100,916,094.00 ","$468,043,852.00 ",scifi,91,75,6.3,59,72,https://m.media-amazon.com/images/S/sash/4FyxwxECzL-U1J8.png,Adam Wingard,Alexander Skarsgård,Millie Bobby Brown,Rebecca Hall,31-Mar,2021
NIGHTMARE ALLEY,"$60,000,000.00 ","$11,338,107.00 ","$37,537,773.00 ",crime,68,81,7,70,72.25,https://m.media-amazon.com/images/S/sash/4FyxwxECzL-U1J8.png,Guillermo del Toro,Bradley Cooper,Cate Blanchett,Toni Collette,17-Dec,2021
CAPTAIN AMERICA: THE FIRST AVENGER,"$140,000,000.00 ","$176,654,505.00 ","$370,569,776.00 ",action,75,80,6.9,66,72.5,https://m.media-amazon.com/images/S/sash/4FyxwxECzL-U1J8.png,Joe Johnston,Chris Evans,Hugo Weaving,Samuel L. Jackson,22-Jul,2011
IRON MAN 3,"$200,000,000.00 ","$408,992,272.00 ","$1,215,392,272.00 ",action,78,79,7.1,62,72.5,https://m.media-amazon.com/images/S/sash/4FyxwxECzL-U1J8.png,Shane Black,Robert Downey Jr.,Guy Pearce,Gwyneth Paltrow,3-May,2013
A MAN CALLED OTTO,"$50,000,000.00 ","$63,321,079.00 ","$106,679,918.00 ",comedy,97,69,7.5,51,73,https://m.media-amazon.com/images/S/sash/4FyxwxECzL-U1J8.png,Marc Forster,Tom Hanks,Mariana Treviño,Rachel Keller,13-Jan,2023
AMERICAN PSYCHO,"$8,000,000 ","$15,070,285 ","$34,270,285 ",horror,85,68,7.6,64,73.25,https://m.media-amazon.com/images/S/sash/4FyxwxECzL-U1J8.png,Mary Harron,Christian Bale,Justin Theroux,Josh Lucas,14-Apr,2000
THE PLACE BEYOND THE PINES,"$15,000,000 ","$21,403,519 ","$47,011,449 ",crime,75,78,7.3,68,73.5,https://m.media-amazon.com/images/S/sash/4FyxwxECzL-U1J8.png,Derek Cianfrance,Ryan Gosling,Bradley Cooper,Eva Mendes,19-Apr,2013
TROPIC THUNDER,"$90,000,000.00 ","$110,515,313.00 ","$191,145,256.00 ",action,71,82,7.1,71,73.75,"https://m.media-amazon.com/images/M/MV5BNDE5NjQzMDkzOF5BMl5BanBnXkFtZTcwODI3ODI3MQ@@._V1_UY98_CR1,0,67,98_AL_.jpg",Ben Stiller,Ben Stiller,Jack Black,Robert Downey Jr.,13-Aug,2008
EMMA.,"$10,000,000 ","$10,055,355 ","$27,365,788 ",romance,72,86,6.7,71,74,https://m.media-amazon.com/images/S/sash/4FyxwxECzL-U1J8.png,Autumn de Wilde,Anya Taylor-Joy,Johnny Flynn,Mia Goth,6-Mar,2020
FORGETTING SARAH MARSHALL,"$30,000,000.00 ","$63,172,463.00 ","$105,475,310.00 ",romance,76,83,7.1,67,74.25,https://m.media-amazon.com/images/S/sash/4FyxwxECzL-U1J8.png,Nicholas Stoller,Kristen Bell,Jason Segel,Paul Rudd,18-Apr,2008
CINDERELLA,"$95,000,000.00 ","$201,151,353.00 ","$542,351,353.00 ",romance,78,83,6.9,67,74.25,https://m.media-amazon.com/images/S/sash/4FyxwxECzL-U1J8.png,Kenneth Branagh,Lily James,Cate Blanchett,Richard Madden,13-Mar,2015
AVENGERS: AGE OF ULTRON,"$365,000,000.00 ","$459,005,868.00 ","$1,395,316,979.00 ",scifi,82,76,7.3,66,74.25,https://m.media-amazon.com/images/S/sash/4FyxwxECzL-U1J8.png,Joss Whedon,Robert Downey Jr.,Chris Evans,Mark Ruffalo,1-May,2015
NOPE,"$68,000,000.00 ","$123,277,080.00 ","$171,172,007.00 ",scifi,69,83,6.9,77,74.5,https://m.media-amazon.com/images/S/sash/4FyxwxECzL-U1J8.png,Jordan Peele,Daniel Kaluuya,Keke Palmer,Brandon Perea,22-Jul,2022
CARS,"$70,000,000.00 ","$244,082,982.00 ","$461,630,558.00 ",comedy,79,74,7.2,73,74.5,https://m.media-amazon.com/images/S/sash/4FyxwxECzL-U1J8.png,Joe Ranft,Owen Wilson,Bonnie Hunt,Paul Newman,9-Jun,2006
SONIC THE HEDGEHOG 2,"$90,000,000.00 ","$190,872,904.00 ","$402,407,997.00 ",comedy,96,90,6.5,47,74.5,https://m.media-amazon.com/images/S/sash/4FyxwxECzL-U1J8.png,Jeff Fowler,James Marsden,Jim Carrey,(voice),8-Apr,2022
THE CURIOUS CASE OF BENJAMIN BUTTON,"$160,000,000.00 ","$127,509,326.00 ","$329,631,958.00 ",romance,80,71,7.8,70,74.75,https://m.media-amazon.com/images/S/sash/4FyxwxECzL-U1J8.png,David Fincher,Brad Pitt,Cate Blanchett,Tilda Swinton,25-Dec,2008
DOCTOR SLEEP,"$45,000,000.00 ","$31,581,712.00 ","$71,720,838.00 ",horror,89,78,7.3,59,74.75,https://m.media-amazon.com/images/S/sash/4FyxwxECzL-U1J8.png,Mike Flanagan,Ewan McGregor,Rebecca Ferguson,Kyliegh Curran,8-Nov,2019
JOKER,"$55,000,000.00 ","$335,451,311.00 ","$1,069,121,583.00 ",crime,88,69,8.4,59,75,https://m.media-amazon.com/images/S/sash/4FyxwxECzL-U1J8.png,Todd Phillips,Joaquin Phoenix,Robert De Niro,Zazie Beetz,4-Oct,2019
ANNIHILATION,"$55,000,000.00 ","$32,732,301.00 ","$43,070,915.00 ",scifi,66,88,6.8,79,75.25,https://m.media-amazon.com/images/S/sash/4FyxwxECzL-U1J8.png,Alex Garland,Natalie Portman,Jennifer Jason Leigh,Tessa Thompson,23-Feb,2018
PITCH PERFECT,"$17,000,000 ","$65,001,093 ","$116,044,347 ",romance,83,81,7.1,66,75.25,https://m.media-amazon.com/images/S/sash/4FyxwxECzL-U1J8.png,Jason Moore,Anna Kendrick,Brittany Snow,Rebel Wilson,5-Oct,2012
NOTTING HILL,"$42,000,000.00 ","$116,089,678.00 ","$363,718,196.00 ",romance,79,84,7.2,68,75.75,"https://m.media-amazon.com/images/M/MV5BMTE5OTkwYzYtNDhlNC00MzljLTk1YTktY2IxZjliZmNjMjUzL2ltYWdlL2ltYWdlXkEyXkFqcGdeQXVyMTQxNzMzNDI@._V1_UX67_CR0,0,67,98_AL_.jpg",Roger Michell,Hugh Grant,Julia Roberts,Richard McCabe,28-May,1999
THE WOLF OF WALL STREET,"$100,000,000.00 ","$116,949,183.00 ","$389,816,136.00 ",comedy,83,63,8.2,75,75.75,https://m.media-amazon.com/images/S/sash/4FyxwxECzL-U1J8.png,Martin Scorsese,Leonardo DiCaprio,Jonah Hill,Margot Robbie,25-Dec,2013
SNATCH,"$10,000,000 ","$30,093,107 ","$83,593,107 ",comedy,93,73,8.2,55,75.75,https://m.media-amazon.com/images/S/sash/4FyxwxECzL-U1J8.png,Guy Ritchie,Jason Statham,Brad Pitt,Stephen Graham,19-Jan,2001
WIDOWS,"$40,000,000.00 ","$42,402,632.00 ","$75,984,700.00 ",crime,61,91,8.4,68,76,https://m.media-amazon.com/images/S/sash/4FyxwxECzL-U1J8.png,Steve McQueen,Viola Davis,Michelle Rodriguez,Elizabeth Debicki,16-Nov,2018
THE LOBSTER,"$4,500,000 ","$9,196,278 ","$18,019,834 ",scifi,65,87,7.1,82,76.25,https://m.media-amazon.com/images/S/sash/4FyxwxECzL-U1J8.png,Yorgos Lanthimos,Colin Farrell,Rachel Weisz,Jessica Barden,16-Oct,2015
THE HUNGER GAMES,"$80,000,000 ","$408,010,692 ","$677,923,379 ",scifi,81,84,7.2,68,76.25,https://m.media-amazon.com/images/S/sash/4FyxwxECzL-U1J8.png,Gary Ross,Jennifer Lawrence,Josh Hutcherson,Liam Hemsworth,23-Mar,2012
ANT-MAN,"$130,000,000.00 ","$180,202,163.00 ","$518,858,449.00 ",comedy,85,83,7.3,64,76.25,https://m.media-amazon.com/images/S/sash/4FyxwxECzL-U1J8.png,Peyton Reed,Paul Rudd,Michael Douglas,Corey Stoll,17-Jul,2015
BLACK WIDOW,"$200,000,000.00 ","$183,651,655.00 ","$379,751,131.00 ",action,91,79,6.7,68,76.25,https://m.media-amazon.com/images/S/sash/4FyxwxECzL-U1J8.png,Cate Shortland,Scarlett Johansson,Florence Pugh,David Harbour,9-Jul,2021
ANT-MAN AND THE WASP,"$130,000,000.00 ","$216,648,740.00 ","$623,144,660.00 ",comedy,80,87,7,70,76.75,https://m.media-amazon.com/images/S/sash/4FyxwxECzL-U1J8.png,Peyton Reed,Paul Rudd,Evangeline Lilly,Michael Peña,6-Jul,2018
JOHN WICK,"$30,000,000.00 ","$43,037,835.00 ","$76,010,510.00 ",action,81,86,7.4,68,77.25,https://m.media-amazon.com/images/S/sash/4FyxwxECzL-U1J8.png,David Leitch,Keanu Reeves,Michael Nyqvist,Alfie Allen,24-Oct,2014
TRAINING DAY,"$45,000,000.00 ","$76,261,036.00 ","$104,505,352.00 ",crime,89,74,7.7,69,77.25,https://m.media-amazon.com/images/S/sash/4FyxwxECzL-U1J8.png,Antoine Fuqua,Denzel Washington,Ethan Hawke,Scott Glenn,5-Oct,2001
CRAZY RICH ASIANS,"$30,000,000.00 ","$174,532,921.00 ","$237,814,149.00 ",romance,76,91,6.9,74,77.5,https://m.media-amazon.com/images/S/sash/4FyxwxECzL-U1J8.png,Jon M. Chu,Constance Wu,Henry Golding,Michelle Yeoh,15-Aug,2018
SCOTT PILGRIM VS. THE WORLD,"$85,000,000 ","$32,841,100 ","$49,286,548 ",romance,84,82,7.5,69,77.5,https://m.media-amazon.com/images/S/sash/4FyxwxECzL-U1J8.png,Edgar Wright,Michael Cera,Mary Elizabeth Winstead,Kieran Culkin,13-Aug,2010
TITANIC,"$200,000,000.00 ","$674,316,965.00 ","$2,222,905,738.00 ",romance,69,88,7.9,75,77.75,https://m.media-amazon.com/images/S/sash/4FyxwxECzL-U1J8.png,James Cameron,Leonardo DiCaprio,Kate Winslet,Billy Zane,19-Dec,1997
JOJO RABBIT,"$14,000,000 ","$33,370,906 ","$86,878,073 ",comedy,94,80,7.9,58,77.75,https://m.media-amazon.com/images/S/sash/4FyxwxECzL-U1J8.png,Taika Waititi,Roman Griffin Davis,Thomasin McKenzie,Scarlett Johansson,8-Nov,2019
IT FOLLOWS,"$2,000,000 ","$14,674,077 ","$23,236,296 ",horror,66,95,6.8,83,78,https://m.media-amazon.com/images/S/sash/4FyxwxECzL-U1J8.png,David Robert Mitchell,Maika Monroe,Keir Gilchrist,Olivia Luccardi,13-Mar,2015
BARBARIAN,"$4,500,000 ","$40,842,944 ","$45,352,337 ",horror,71,93,7,78,78,https://m.media-amazon.com/images/S/sash/4FyxwxECzL-U1J8.png,Zach Cregger,Georgina Campbell,Bill Skarsgård,Justin Long,9-Sep,2022
NO TIME TO DIE,"$250,000,000.00 ","$160,891,007.00 ","$759,959,662.00 ",action,88,83,7.3,68,78,https://m.media-amazon.com/images/S/sash/4FyxwxECzL-U1J8.png,Cary Joji Fukunaga,Daniel Craig,Ana de Armas,Rami Malek,8-Oct,2021
JERRY MAGUIRE,"$50,000,000.00 ","$153,952,592.00 ","$273,552,592.00 ",romance,79,84,7.3,77,78.25,https://m.media-amazon.com/images/S/sash/4FyxwxECzL-U1J8.png,Cameron Crowe,Tom Cruise,Cuba Gooding Jr.,Renée Zellweger,13-Dec,1996
THE NICE GUYS,"$50,000,000.00 ","$36,261,763.00 ","$59,596,747.00 ",action,79,91,7.3,70,78.25,https://m.media-amazon.com/images/S/sash/4FyxwxECzL-U1J8.png,Shane Black,Russell Crowe,Ryan Gosling,Angourie Rice,20-May,2016
"THREE BILLBOARDS OUTSIDE EBBING, MISSOURI","$12,000,000 ","$54,513,740 ","$161,158,351 ",comedy,87,57,8.1,88,78.25,https://m.media-amazon.com/images/S/sash/4FyxwxECzL-U1J8.png,Martin McDonagh,Frances McDormand,Woody Harrelson,Sam Rockwell,1-Dec,2017
ROGUE ONE: A STAR WARS STORY,"$200,000,000.00 ","$533,539,991.00 ","$1,055,083,596.00 ",action,87,84,7.8,65,78.5,https://m.media-amazon.com/images/S/sash/4FyxwxECzL-U1J8.png,Gareth Edwards,Felicity Jones,Diego Luna,Alan Tudyk,16-Dec,2016
END OF WATCH,"$15,000,000 ","$41,003,371 ","$57,586,606 ",crime,86,85,6.8,76,78.75,https://m.media-amazon.com/images/S/sash/4FyxwxECzL-U1J8.png,David Ayer,Jake Gyllenhaal,Michael Peña,Anna Kendrick,21-Sep,2012
THE SUICIDE SQUAD,"$185,000,000.00 ","$55,817,425.00 ","$167,097,737.00 ",action,82,90,7.2,72,79,https://m.media-amazon.com/images/S/sash/4FyxwxECzL-U1J8.png,James Gunn,Margot Robbie,Idris Elba,John Cena,5-Aug,2021
ROAD TO PERDITION,"$80,000,000 ","$104,054,514 ","$183,354,514 ",crime,86,81,7.7,72,79,https://m.media-amazon.com/images/S/sash/4FyxwxECzL-U1J8.png,Sam Mendes,Tom Hanks,Tyler Hoechlin,Rob Maxey,12-Jul,2002
AS GOOD AS IT GETS,"$50,000,000.00 ","$148,478,011.00 ","$314,111,923.00 ",romance,86,86,7.7,67,79,https://m.media-amazon.com/images/S/sash/4FyxwxECzL-U1J8.png,James L. Brooks,Jack Nicholson,Helen Hunt,Greg Kinnear,25-Dec,1997
BLUE VALENTINE,"$1,000,000 ","$9,737,892 ","$16,566,240 ",romance,77,86,7.3,81,79.25,https://m.media-amazon.com/images/S/sash/4FyxwxECzL-U1J8.png,Derek Cianfrance,Ryan Gosling,Michelle Williams,John Doman,28-Jan,2011
IN BRUGES,"$15,000,000 ","$7,800,825 ","$34,527,095 ",comedy,87,84,7.9,67,79.25,https://m.media-amazon.com/images/S/sash/4FyxwxECzL-U1J8.png,Martin McDonagh,Colin Farrell,Brendan Gleeson,Ciarán Hinds,Feb-29,2008
INTERSTELLAR,"$165,000,000.00 ","$188,017,894.00 ","$648,785,349.00 ",scifi,86,72,8.6,74,79.5,https://m.media-amazon.com/images/S/sash/4FyxwxECzL-U1J8.png,Christopher Nolan,Matthew McConaughey,Anne Hathaway,Jessica Chastain,7-Nov,2014
HEREDITARY,"$10,000,000 ","$44,069,456 ","$81,263,489 ",horror,69,90,7.3,87,79.75,https://m.media-amazon.com/images/S/sash/4FyxwxECzL-U1J8.png,Ari Aster,Toni Collette,Milly Shapiro,Gabriel Byrne,8-Jun,2018
PRISONERS,"$46,000,000.00 ","$61,002,302.00 ","$113,310,547.00 ",crime,87,81,8.1,70,79.75,https://m.media-amazon.com/images/S/sash/4FyxwxECzL-U1J8.png,Denis Villeneuve,Hugh Jackman,Jake Gyllenhaal,Viola Davis,20-Sep,2013
GREEN BOOK,"$23,000,000.00 ","$85,080,171.00 ","$319,995,019.00 ",comedy,91,77,8.2,69,79.75,https://m.media-amazon.com/images/S/sash/4FyxwxECzL-U1J8.png,Peter Farrelly,Viggo Mortensen,Mahershala Ali,Linda Cardellini,16-Nov,2018
DOCTOR ZHIVAGO,"$11,000,000 ","$111,897,830 ","$112,040,388 ",romance,88,84,7.9,69,80,https://m.media-amazon.com/images/S/sash/4FyxwxECzL-U1J8.png,David Lean,Omar Sharif,Julie Christie,Geraldine Chaplin,31-Dec,1965
THE BAD GUYS,"$70,000,000.00 ","$97,233,630.00 ","$250,648,674.00 ",comedy,93,96,6.8,64,80.25,https://m.media-amazon.com/images/S/sash/4FyxwxECzL-U1J8.png,Pierre Perifel,Sam Rockwell,Marc Maron,Awkwafina,22-Apr,2022
THE BATMAN,"$200,000,000.00 ","$369,345,583.00 ","$767,531,825.00 ",crime,87,85,7.8,72,80.5,https://m.media-amazon.com/images/S/sash/4FyxwxECzL-U1J8.png,Matt Reeves,Robert Pattinson,Zoë Kravitz,Jeffrey Wright,4-Mar,2022
THE TRUMAN SHOW,"$60,000,000.00 ","$125,618,201.00 ","$264,118,201.00 ",comedy,89,61,8.2,90,80.5,https://m.media-amazon.com/images/S/sash/4FyxwxECzL-U1J8.png,Peter Weir,Jim Carrey,Ed Harris,Laura Linney,5-Jun,1998
SCARFACE,"$25,000,000 ","$44,942,821 ","$44,942,821 ",crime,93,81,8.3,65,80.5,https://m.media-amazon.com/images/S/sash/4FyxwxECzL-U1J8.png,Brian De Palma,Al Pacino,Michelle Pfeiffer,Steven Bauer,9-Dec,1983
OUT OF SIGHT,"$48,000,000.00 ","$37,562,568.00 ","$77,562,568.00 ",crime,74,94,8.5,70,80.75,https://m.media-amazon.com/images/S/sash/4FyxwxECzL-U1J8.png,Steven Soderbergh,George Clooney,Jennifer Lopez,Ving Rhames,26-Jun,1998
ZODIAC,"$85,000,000 ","$33,080,084 ","$83,080,084 ",crime,77,90,7.7,79,80.75,https://m.media-amazon.com/images/S/sash/4FyxwxECzL-U1J8.png,David Fincher,Jake Gyllenhaal,Robert Downey Jr.,Mark Ruffalo,2-Mar,2007
INSIDE MAN,"$50,000,000.00 ","$88,634,237.00 ","$185,798,265.00 ",crime,85,86,7.6,76,80.75,https://m.media-amazon.com/images/S/sash/4FyxwxECzL-U1J8.png,Spike Lee,Denzel Washington,Clive Owen,Jodie Foster,24-Mar,2006
THE SHAPE OF WATER,"$19,500,000 ","$63,859,435 ","$195,790,794 ",romance,72,92,7.3,87,81,"https://m.media-amazon.com/images/M/MV5BNGNiNWQ5M2MtNGI0OC00MDA2LWI5NzEtMmZiYjVjMDEyOWYzXkEyXkFqcGdeQXVyMjM4NTM5NDY@._V1_UX67_CR0,0,67,98_AL_.jpg",Guillermo del Toro,Sally Hawkins,Octavia Spencer,Michael Shannon,22-Dec,2017
AMERICAN GANGSTER,"$100,000,000.00 ","$130,164,645.00 ","$267,985,456.00 ",crime,89,81,7.6,78,81,https://m.media-amazon.com/images/S/sash/4FyxwxECzL-U1J8.png,Ridley Scott,Denzel Washington,Russell Crowe,Chiwetel Ejiofor,2-Nov,2007
TRUE ROMANCE,"$12,500,000 ","$12,281,000 ","$12,643,293 ",crime,93,93,7.9,59,81,https://m.media-amazon.com/images/S/sash/4FyxwxECzL-U1J8.png,Tony Scott,Christian Slater,Patricia Arquette,Dennis Hopper,10-Sep,1993
ATONEMENT,"$30,000,000.00 ","$50,980,159.00 ","$129,779,728.00 ",romance,80,83,7.8,85,81.5,https://m.media-amazon.com/images/S/sash/4FyxwxECzL-U1J8.png,Joe Wright,Keira Knightley,James McAvoy,Brenda Blethyn,11-Jan,2008
MINORITY REPORT,"$102,000,000.00 ","$132,024,714.00 ","$358,824,714.00 ",action,80,90,7.6,80,81.5,https://m.media-amazon.com/images/S/sash/4FyxwxECzL-U1J8.png,Steven Spielberg,Tom Cruise,Colin Farrell,Samantha Morton,21-Jun,2002
AVATAR,"$237,000,000.00 ","$785,221,649.00 ","$2,923,706,026.00 ",scifi,82,82,7.9,83,81.5,https://m.media-amazon.com/images/S/sash/4FyxwxECzL-U1J8.png,James Cameron,Sam Worthington,Zoe Saldana,Sigourney Weaver,18-Dec,2009
KNOCKED UP,"$27,500,000.00 ","$148,761,765.00 ","$219,265,952.00 ",romance,83,89,6.9,85,81.5,https://m.media-amazon.com/images/S/sash/4FyxwxECzL-U1J8.png,Judd Apatow,Seth Rogen,Katherine Heigl,Paul Rudd,1-Jun,2007
SPIDER-MAN: HOMECOMING,"$175,000,000.00 ","$334,201,140.00 ","$878,271,291.00 ",action,87,92,7.4,73,81.5,https://m.media-amazon.com/images/S/sash/4FyxwxECzL-U1J8.png,Jon Watts,Tom Holland,Michael Keaton,Robert Downey Jr.,7-Jul,2017
CASINO,"$52,000,000.00 ","$42,438,300.00 ","$110,400,000.00 ",crime,93,79,8.2,73,81.75,https://m.media-amazon.com/images/S/sash/4FyxwxECzL-U1J8.png,Martin Scorsese,Robert De Niro,Sharon Stone,Joe Pesci,22-Nov,1995
DRIVE,"$15,000,000 ","$35,060,689 ","$81,357,930 ",action,79,93,7.8,78,82,https://m.media-amazon.com/images/S/sash/4FyxwxECzL-U1J8.png,Nicolas Winding Refn,Ryan Gosling,Carey Mulligan,Bryan Cranston,16-Sep,2011
WIND RIVER,"$11,000,000 ","$33,800,859 ","$44,984,979 ",crime,90,88,7.7,73,82,https://m.media-amazon.com/images/S/sash/4FyxwxECzL-U1J8.png,Taylor Sheridan,Elizabeth Olsen,Jeremy Renner,Graham Greene,18-Aug,2017
MRS. HARRIS GOES TO PARIS,"$13,000,000.00 ","$10,433,915.00 ","$31,130,159.00 ",comedy,93,94,7.1,70,82,https://m.media-amazon.com/images/S/sash/4FyxwxECzL-U1J8.png,Anthony Fabian,Lesley Manville,Isabelle Huppert,Lambert Wilson,15-Jul,2022
SPIDER-MAN: FAR FROM HOME,"$160,000,000.00 ","$390,532,085.00 ","$1,132,107,522.00 ",action,95,90,7.4,69,82,https://m.media-amazon.com/images/S/sash/4FyxwxECzL-U1J8.png,Jon Watts,Tom Holland,Samuel L. Jackson,Jake Gyllenhaal,2-Jul,2019
GONE BABY GONE,"$19,000,000 ","$20,300,218 ","$34,359,030 ",crime,86,95,7.2,76,82.25,https://m.media-amazon.com/images/S/sash/4FyxwxECzL-U1J8.png,Ben Affleck,Morgan Freeman,Ed Harris,Casey Affleck,19-Oct,2007
AVENGERS: INFINITY WAR,"$1,128,181,503.00 ","$368,812,000.00 ","$759,369,503.00 ",scifi,92,85,8.4,68,82.25,https://m.media-amazon.com/images/S/sash/4FyxwxECzL-U1J8.png,Joe Russo,Robert Downey Jr.,Chris Hemsworth,Mark Ruffalo,27-Apr,2018
THOR: RAGNAROK,"$180,000,000.00 ","$315,058,289.00 ","$850,482,778.00 ",comedy,87,90,7.9,74,82.5,https://m.media-amazon.com/images/S/sash/4FyxwxECzL-U1J8.png,Taika Waititi,Chris Hemsworth,Tom Hiddleston,Cate Blanchett,3-Nov,2017
THE HUNGER GAMES: CATCHING FIRE,"$130,000,000.00 ","$424,668,047.00 ","$864,868,047.00 ",scifi,89,90,7.5,76,82.5,https://m.media-amazon.com/images/S/sash/4FyxwxECzL-U1J8.png,Francis Lawrence,Jennifer Lawrence,Josh Hutcherson,Liam Hemsworth,22-Nov,2013
CAPTAIN AMERICA: THE WINTER SOLDIER,"$170,000,000.00 ","$259,746,958.00 ","$714,401,889.00 ",action,92,90,7.8,70,82.5,https://m.media-amazon.com/images/S/sash/4FyxwxECzL-U1J8.png,Joe Russo,Chris Evans,Samuel L. Jackson,Scarlett Johansson,4-Apr,2014
BLADE RUNNER 2049,"$185,000,000.00 ","$92,054,159.00 ","$258,829,058.00 ",scifi,82,88,8,81,82.75,https://m.media-amazon.com/images/S/sash/4FyxwxECzL-U1J8.png,Denis Villeneuve,Harrison Ford,Ryan Gosling,Ana de Armas,6-Oct,2017
EASTERN PROMISES,"$50,000,000.00 ","$17,181,265.00 ","$56,077,088.00 ",crime,83,89,8.3,76,82.75,https://m.media-amazon.com/images/S/sash/4FyxwxECzL-U1J8.png,David Cronenberg,Naomi Watts,Viggo Mortensen,Armin Mueller-Stahl,21-Sep,2007
EDGE OF TOMORROW,"$178,000,000.00 ","$100,206,256.00 ","$367,028,980.00 ",scifi,90,91,7.9,71,82.75,https://m.media-amazon.com/images/S/sash/4FyxwxECzL-U1J8.png,Doug Liman,Tom Cruise,Emily Blunt,Bill Paxton,6-Jun,2014
ENCANTO,"$150,000,000.00 ","$96,093,622.00 ","$231,133,858.00 ",comedy,93,91,7.2,75,82.75,https://m.media-amazon.com/images/S/sash/4FyxwxECzL-U1J8.png,Charise Castro Smith,Stephanie Beatriz,María Cecilia Botero,John Leguizamo,24-Nov,2021
CAPTAIN AMERICA: CIVIL WAR,"$250,000,000.00 ","$408,084,349.00 ","$1,151,899,586.00 ",action,89,90,7.8,75,83,https://m.media-amazon.com/images/S/sash/4FyxwxECzL-U1J8.png,Joe Russo,Chris Evans,Robert Downey Jr.,Scarlett Johansson,6-May,2016
BIRDMAN OR (THE UNEXPECTED VIRTUE OF IGNORANCE),"$18,000,000.00 ","$42,340,598.00 ","$102,926,247.00 ",comedy,78,91,7.7,87,83.25,https://m.media-amazon.com/images/S/sash/4FyxwxECzL-U1J8.png,Alejandro G. Iñárritu,Michael Keaton,Zach Galifianakis,Edward Norton,14-Nov,2014
CAROL,"$11,800,000 ","$12,711,491 ","$42,354,525 ",romance,74,94,7.2,94,83.5,https://m.media-amazon.com/images/S/sash/4FyxwxECzL-U1J8.png,Todd Haynes,Cate Blanchett,Rooney Mara,Sarah Paulson,15-Jan,2016
BROKEBACK MOUNTAIN,"$13,900,000.00 ","$83,043,761.00 ","$176,980,863.00 ",romance,82,88,7.7,87,83.5,https://m.media-amazon.com/images/S/sash/4FyxwxECzL-U1J8.png,Ang Lee,Jake Gyllenhaal,Heath Ledger,Michelle Williams,13-Jan,2006
MIDNIGHT IN PARIS,"$30,000,000.00 ","$56,816,662.00 ","$162,275,213.00 ",romance,83,93,7.7,81,83.5,https://m.media-amazon.com/images/S/sash/4FyxwxECzL-U1J8.png,Woody Allen,Owen Wilson,Rachel McAdams,Kathy Bates,10-Jun,2011
THE GRAND BUDAPEST HOTEL,"$31,000,000.00 ","$59,076,019.00 ","$163,503,514.00 ",comedy,86,79,8.1,88,83.5,https://m.media-amazon.com/images/S/sash/4FyxwxECzL-U1J8.png,Wes Anderson,Ralph Fiennes,F. Murray Abraham,Mathieu Amalric,28-Mar,2014
THE LAST OF THE MOHICANS,"$40,000,000.00 ","$75,505,856.00 ","$75,505,856.00 ",romance,88,93,7.7,76,83.5,https://m.media-amazon.com/images/S/sash/4FyxwxECzL-U1J8.png,Michael Mann,Daniel Day-Lewis,Madeleine Stowe,Russell Means,25-Sep,1992
SHANG-CHI AND THE LEGEND OF THE TEN RINGS,"$150,000,000.00 ","$224,543,292.00 ","$432,224,634.00 ",action,98,91,7.4,71,83.5,https://m.media-amazon.com/images/S/sash/4FyxwxECzL-U1J8.png,Destin Daniel Cretton,Simu Liu,Awkwafina,Tony Chiu-Wai Leung,3-Sep,2021
SICARIO,"$30,000,000.00 ","$46,889,293.00 ","$84,264,182.00 ",crime,85,92,7.6,82,83.75,"https://m.media-amazon.com/images/M/MV5BMjA5NjM3NTk1M15BMl5BanBnXkFtZTgwMzg1MzU2NjE@._V1_UX67_CR0,0,67,98_AL_.jpg",Denis Villeneuve,Emily Blunt,Josh Brolin,Benicio Del Toro,2-Oct,2015
NIGHTCRAWLER,"$8,500,000 ","$32,381,218 ","$50,334,418 ",crime,86,95,7.8,76,83.75,https://m.media-amazon.com/images/S/sash/4FyxwxECzL-U1J8.png,Dan Gilroy,Jake Gyllenhaal,Rene Russo,Bill Paxton,31-Oct,2014
GROUNDHOG DAY,"$14,600,000 ","$71,097,843 ","$71,112,677 ",romance,88,94,8.1,72,83.75,https://m.media-amazon.com/images/S/sash/4FyxwxECzL-U1J8.png,Harold Ramis,Bill Murray,Andie MacDowell,Chris Elliott,12-Feb,1993
BLACK PANTHER,"$200,000,000.00 ","$700,059,566.00 ","$1,336,494,320.00 ",action,79,96,7.3,88,84,https://m.media-amazon.com/images/S/sash/4FyxwxECzL-U1J8.png,Ryan Coogler,Chadwick Boseman,Michael B. Jordan,Lupita Nyong'o,16-Feb,2018
ARRIVAL,"$47,000,000.00 ","$100,546,139.00 ","$202,754,970.00 ",scifi,82,94,7.9,81,84,https://m.media-amazon.com/images/S/sash/4FyxwxECzL-U1J8.png,Denis Villeneuve,Amy Adams,Jeremy Renner,Forest Whitaker,11-Nov,2016
A QUIET PLACE,"$17,000,000 ","$188,024,361 ","$334,876,670 ",horror,83,96,7.5,82,84,"https://m.media-amazon.com/images/M/MV5BMjI0MDMzNTQ0M15BMl5BanBnXkFtZTgwMTM5NzM3NDM@._V1_UX67_CR0,0,67,98_AL_.jpg",John Krasinski,Emily Blunt,John Krasinski,Millicent Simmonds,6-Apr,2018
SILVER LININGS PLAYBOOK,"$21,000,000 ","$132,092,958 ","$236,412,453 ",romance,86,92,7.7,81,84,https://m.media-amazon.com/images/S/sash/4FyxwxECzL-U1J8.png,David O. Russell,Bradley Cooper,Jennifer Lawrence,Robert De Niro,25-Dec,2012
PRIDE & PREJUDICE,"$28,000,000.00 ","$38,372,662.00 ","$126,549,607.00 ",romance,89,87,7.8,82,84,https://m.media-amazon.com/images/S/sash/4FyxwxECzL-U1J8.png,Joe Wright,Keira Knightley,Matthew Macfadyen,Brenda Blethyn,23-Nov,2005
BLACKKKLANSMAN,"$15,000,000 ","$49,275,340 ","$93,411,426 ",crime,83,96,8.3,75,84.25,https://m.media-amazon.com/images/S/sash/4FyxwxECzL-U1J8.png,Spike Lee,John David Washington,Adam Driver,Laura Harrier,10-Aug,2018
ONCE UPON A TIME IN AMERICA,"$30,000,000.00 ","$5,321,508.00 ","$5,576,072.00 ",crime,93,87,8.3,75,84.5,https://m.media-amazon.com/images/S/sash/4FyxwxECzL-U1J8.png,Sergio Leone,Robert De Niro,James Woods,Elizabeth McGovern,1-Jun,1984
THE WOMAN KING,"$50,000,000.00 ","$67,328,130.00 ","$94,374,749.00 ",action,99,94,6.8,77,84.5,https://m.media-amazon.com/images/S/sash/4FyxwxECzL-U1J8.png,Gina Prince-Bythewood,Viola Davis,Thuso Mbedu,Lashana Lynch,16-Sep,2022
MYSTIC RIVER,"$30,000,000.00 ","$90,135,191.00 ","$156,822,020.00 ",crime,89,88,8.4,79,85,https://m.media-amazon.com/images/S/sash/4FyxwxECzL-U1J8.png,Clint Eastwood,Sean Penn,Tim Robbins,Kevin Bacon,15-Oct,2003
INCEPTION,"$160,000,000.00 ","$292,576,195.00 ","$728,537,960.00 ",scifi,91,87,8.8,74,85,https://m.media-amazon.com/images/S/sash/4FyxwxECzL-U1J8.png,Christopher Nolan,Leonardo DiCaprio,Joseph Gordon-Levitt,Elliot Page,16-Jul,2010
GUARDIANS OF THE GALAXY,"$170,000,000.00 ","$333,714,112.00 ","$770,882,395.00 ",scifi,92,92,8,76,85,https://m.media-amazon.com/images/S/sash/4FyxwxECzL-U1J8.png,James Gunn,Chris Pratt,Vin Diesel,Bradley Cooper,1-Aug,2014
CATCH ME IF YOU CAN,"$52,000,000.00 ","$164,606,800.00 ","$355,612,291.00 ",crime,89,96,8.1,75,85.25,https://m.media-amazon.com/images/S/sash/4FyxwxECzL-U1J8.png,Steven Spielberg,Leonardo DiCaprio,Tom Hanks,Christopher Walken,25-Dec,2002
LOGAN,"$127,000,000.00 ","$226,277,068.00 ","$614,202,315.00 ",action,90,94,8.1,77,85.5,https://m.media-amazon.com/images/S/sash/4FyxwxECzL-U1J8.png,James Mangold,Hugh Jackman,Patrick Stewart,Dafne Keen,3-Mar,2017
IRON MAN,"$186,000,000.00 ","$318,604,126.00 ","$585,171,547.00 ",scifi,91,94,7.9,79,85.75,https://m.media-amazon.com/images/S/sash/4FyxwxECzL-U1J8.png,Jon Favreau,Robert Downey Jr.,Gwyneth Paltrow,Terrence Howard,2-May,2008
EVERYTHING EVERYWHERE ALL AT ONCE,"$25,000,000 ","$73,265,492 ","$107,446,286 ",scifi,88,95,8,81,86,"https://m.media-amazon.com/images/M/MV5BYTdiOTIyZTQtNmQ1OS00NjZlLWIyMTgtYzk5Y2M3ZDVmMDk1XkEyXkFqcGdeQXVyMTAzMDg4NzU0._V1_UY98_CR0,0,67,98_AL_.jpg",Daniel Scheinert,Michelle Yeoh,Stephanie Hsu,Jamie Lee Curtis,8-Apr,2022
LA LA LAND,"$20,000,000 ","$151,101,803 ","$437,459,811 ",romance,81,91,8,94,86.5,https://m.media-amazon.com/images/S/sash/4FyxwxECzL-U1J8.png,Damien Chazelle,Ryan Gosling,Emma Stone,Rosemarie DeWitt,25-Dec,2016
GET OUT,"$5,000,000 ","$175,837,935 ","$252,297,405 ",horror,86,98,7.7,85,86.5,https://m.media-amazon.com/images/S/sash/4FyxwxECzL-U1J8.png,Jordan Peele,Daniel Kaluuya,Allison Williams,Bradley Whitford,24-Feb,2017
AVENGERS: ENDGAME,"$400,000,000.00 ","$858,373,000.00 ","$2,794,731,755.00 ",scifi,90,94,8.4,78,86.5,https://m.media-amazon.com/images/S/sash/4FyxwxECzL-U1J8.png,Joe Russo,Robert Downey Jr.,Chris Evans,Mark Ruffalo,26-Apr,2019
HOW TO TRAIN YOUR DRAGON,"$165,000,000.00 ","$217,581,232.00 ","$494,870,992.00 ",comedy,91,99,8.1,75,86.5,https://m.media-amazon.com/images/S/sash/4FyxwxECzL-U1J8.png,Chris Sanders,(voice),(voice),(voice),26-Mar,2010
RESERVOIR DOGS,"$1,200,000 ","$2,832,029 ","$2,990,680 ",crime,94,90,8.3,79,86.5,https://m.media-amazon.com/images/S/sash/4FyxwxECzL-U1J8.png,Quentin Tarantino,Harvey Keitel,Tim Roth,Michael Madsen,2-Sep,1992
THE USUAL SUSPECTS,"$6,000,000.00 ","$23,341,568.00 ","$34,449,356.00 ",crime,96,88,8.5,77,86.5,https://m.media-amazon.com/images/S/sash/4FyxwxECzL-U1J8.png,Bryan Singer,Kevin Spacey,Gabriel Byrne,Chazz Palminteri,16-Aug,1995
HER,"$23,000,000 ","$25,568,251 ","$48,043,998 ",romance,82,94,8,91,86.75,https://m.media-amazon.com/images/S/sash/4FyxwxECzL-U1J8.png,Spike Jonze,Joaquin Phoenix,Amy Adams,(voice),10-Jan,2014
2001: A SPACE ODYSSEY,"$10,500,000 ","$59,936,321 ","$71,801,274 ",scifi,89,91,8.3,84,86.75,https://m.media-amazon.com/images/S/sash/4FyxwxECzL-U1J8.png,Stanley Kubrick,Keir Dullea,Gary Lockwood,William Sylvester,24-Jun,1970
HELL OR HIGH WATER,"$12,000,000 ","$27,007,844 ","$37,566,117 ",crime,88,97,7.6,88,87.25,https://m.media-amazon.com/images/S/sash/4FyxwxECzL-U1J8.png,David Mackenzie,Chris Pine,Ben Foster,Jeff Bridges,26-Aug,2016
KNIVES OUT,"$40,000,000.00 ","$165,364,060.00 ","$312,898,746.00 ",comedy,92,97,7.9,82,87.5,https://m.media-amazon.com/images/S/sash/4FyxwxECzL-U1J8.png,Rian Johnson,Daniel Craig,Chris Evans,Ana de Armas,27-Nov,2019
BEFORE SUNRISE,"$2,500,000 ","$5,274,005 ","$5,691,852 ",romance,93,100,8.1,77,87.75,https://m.media-amazon.com/images/S/sash/4FyxwxECzL-U1J8.png,Richard Linklater,Ethan Hawke,Julie Delpy,Andrea Eckert,27-Jan,1995
CALL ME BY YOUR NAME,"$3,500,000.00 ","$18,065,180.00 ","$41,649,462.00 ",romance,86,94,7.8,94,88,https://m.media-amazon.com/images/S/sash/4FyxwxECzL-U1J8.png,Luca Guadagnino,Timothée Chalamet,Armie Hammer,Michael Stuhlbarg,19-Jan,2018
BEFORE MIDNIGHT,"$3,000,000 ","$8,110,621 ","$23,241,189 ",romance,82,98,7.9,94,88.25,https://m.media-amazon.com/images/S/sash/4FyxwxECzL-U1J8.png,Richard Linklater,Ethan Hawke,Julie Delpy,Seamus Davey-Fitzpatrick,14-Jun,2013
NO COUNTRY FOR OLD MEN,"$25,000,000 ","$74,273,505 ","$164,035,753 ",crime,86,93,8.2,92,88.25,https://m.media-amazon.com/images/S/sash/4FyxwxECzL-U1J8.png,Joel Coen,Tommy Lee Jones,Javier Bardem,Josh Brolin,21-Nov,2007
MAD MAX: FURY ROAD,"$150,000,000.00 ","$153,636,354.00 ","$365,769,378.00 ",action,86,97,8.1,90,88.5,https://m.media-amazon.com/images/S/sash/4FyxwxECzL-U1J8.png,George Miller,Tom Hardy,Charlize Theron,Nicholas Hoult,15-May,2015
THE TERMINATOR,"$6,400,000.00 ","$38,019,031.00 ","$78,019,031.00 ",scifi,89,100,8.1,84,88.5,https://m.media-amazon.com/images/S/sash/4FyxwxECzL-U1J8.png,James Cameron,Arnold Schwarzenegger,Linda Hamilton,Michael Biehn,26-Oct,1984
FARGO,"$7,000,000 ","$24,567,751 ","$51,203,507 ",crime,93,94,8.1,86,88.5,https://m.media-amazon.com/images/S/sash/4FyxwxECzL-U1J8.png,Ethan Coen,William H. Macy,Frances McDormand,Steve Buscemi,5-Apr,1996
TOP GUN: MAVERICK,"$170,000,000.00 ","$718,732,821.00 ","$1,483,356,646.00 ",action,99,96,8.3,78,89,https://m.media-amazon.com/images/S/sash/4FyxwxECzL-U1J8.png,Joseph Kosinski,Tom Cruise,Jennifer Connelly,Miles Teller,27-May,2022
ETERNAL SUNSHINE OF THE SPOTLESS MIND,"$20,000,000 ","$34,366,518 ","$72,401,378 ",scifi,94,92,8.3,89,89.5,https://m.media-amazon.com/images/S/sash/4FyxwxECzL-U1J8.png,Michel Gondry,Jim Carrey,Kate Winslet,Tom Wilkinson,19-Mar,2004
GONE WITH THE WIND,"$3,900,000.00 ","$198,680,470.00 ","$390,525,192.00 ",romance,92,90,8.2,97,90.25,https://m.media-amazon.com/images/S/sash/4FyxwxECzL-U1J8.png,Sam Wood,Clark Gable,Vivien Leigh,Thomas Mitchell,17-Jan,1940
THE SILENCE OF THE LAMBS,"$20,000,000 ","$130,726,716 ","$275,726,716 ",crime,95,95,8.6,85,90.25,https://m.media-amazon.com/images/S/sash/4FyxwxECzL-U1J8.png,Jonathan Demme,Jodie Foster,Anthony Hopkins,Lawrence A. Bonney,14-Feb,1991
THE DARK KNIGHT,"$185,000,000.00 ","$534,987,076.00 ","$1,006,234,167.00 ",action,94,94,9,84,90.5,https://m.media-amazon.com/images/S/sash/4FyxwxECzL-U1J8.png,Christopher Nolan,Christian Bale,Heath Ledger,Aaron Eckhart,18-Jul,2008
ALIEN,"$10,700,000 ","$62,005,728 ","$184,638,105 ",horror,94,98,8.5,89,91.5,https://m.media-amazon.com/images/S/sash/4FyxwxECzL-U1J8.png,Ridley Scott,Sigourney Weaver,Tom Skerritt,John Hurt,22-Jun,1979
PULP FICTION,"$8,000,000 ","$107,928,762 ","$212,891,760 ",crime,96,92,8.9,94,92.75,https://m.media-amazon.com/images/S/sash/4FyxwxECzL-U1J8.png,Quentin Tarantino,John Travolta,Uma Thurman,Samuel L. Jackson,14-Oct,1994
GOODFELLAS,"$25,000,000 ","$46,743,809 ","$47,103,483 ",crime,97,96,8.7,91,92.75,https://m.media-amazon.com/images/S/sash/4FyxwxECzL-U1J8.png,Martin Scorsese,Robert De Niro,Ray Liotta,Joe Pesci,21-Sep,1990
THE GODFATHER,"$7,000,000 ","$136,479,994 ","$270,007,394 ",crime,98,97,9.2,100,96.75,https://m.media-amazon.com/images/S/sash/4FyxwxECzL-U1J8.png,Francis Ford Coppola,Marlon Brando,Al Pacino,James Caan,24-Mar,1972